标题,日期,地点,观众数,花火数,URL
"第119回 長野えびす講煙火大会","2025-11-23","長野大橋西側  犀川第2緑地","","","https://hanabi.walkerplus.com/detail/ar0420e01112/"
"長岡まつり大花火大会","2025-08-02","信濃川河川敷","","","https://hanabi.walkerplus.com/detail/ar0415e00665/"
"新潟まつり花火大会","2025-08-10","新潟市中央区信濃川河畔(昭和大橋周辺)","","","https://hanabi.walkerplus.com/detail/ar0415e00666/"
"全国新作花火チャレンジカップ2025","2025-09-06","長野県諏訪市湖畔公園前諏訪湖上","20名","","https://hanabi.walkerplus.com/detail/ar0420e00806/"
"市川三郷町ふるさと夏まつり　第37回「神明の花火大会」","2025-08-07","三郡橋下流笛吹川河畔","20万人","","https://hanabi.walkerplus.com/detail/ar0419e00910/"
"第51回 阿賀野川ござれや花火","2025-08-25","阿賀野川松浜橋上流側","1070人","","https://hanabi.walkerplus.com/detail/ar0415e00061/"
"おぢやまつり大花火大会2024","2024-08-24","信濃川河川敷(旭橋下流)","","7000発","https://hanabi.walkerplus.com/detail/ar0415e00060/"
"ぎおん柏崎まつり 海の大花火大会","2025-07-26","柏崎市中央海岸・みなとまち海浜公園一帯","","6000発","https://hanabi.walkerplus.com/detail/ar0415e00663/"
"浅原神社 秋季例大祭奉納大煙火","2025-09-12","片貝町浅原神社裏手","","","https://hanabi.walkerplus.com/detail/ar0415e00667/"
"河口湖湖上祭","2025-08-05","河口湖畔船津浜","","","https://hanabi.walkerplus.com/detail/ar0419e00681/"